geometry,@id,description,landuse,man_made,name,operator,operator:wikipedia,website,building,ref:bag,source,source:date,start_date,addr:city,addr:country,addr:housenumber,addr:postcode,addr:street,heritage,note,substance,wikidata,wikimedia_commons,wikipedia,architect,heritage:operator,ref,historic,pumping_station,full_name,height,alt_name,access,layer,ref:rce,location,operator:wikidata,basin,building:levels:underground,capacity,product,natural,water,area,phone,entrance,drinking_water,pump,pump:status,pipeline,substation,handle,mechanical_driver,pump_mechanism
"POLYGON ((5.0042943 52.3058238, 5.0005177 52.3044121, 5.0003031 52.3042861, 5.0003197 52.3041949, 5.0003289 52.3041444, 5.001606 52.3018925, 5.0021996 52.3018832, 5.0047408 52.3018431, 5.0075231 52.3017993, 5.007539 52.3018849, 5.0089978 52.3018613, 5.0092467 52.3018876, 5.0093332 52.3023232, 5.0094099 52.3027402, 5.0094779 52.3032303, 5.009483 52.3034355, 5.0093325 52.3050629, 5.009314 52.3051422, 5.0095719 52.3053078, 5.0098011 52.3054426, 5.009899 52.3054984, 5.0096501 52.3057241, 5.0096027 52.3057905, 5.0095128 52.3059026, 5.0082064 52.3057343, 5.0072623 52.3056031, 5.0072125 52.3056979, 5.007 52.3061306, 5.0067748 52.3065323, 5.0047577 52.3058711, 5.0042943 52.3058238))",way/28147781,Produktie van drinkwater grotendeels uit kwelwater uit de Bethunepolder bij Maarssen. Bij onvoldoende Bethunewater kan water uit het Amsterdam-Rijnkanaal worden ingezet.,industrial,water_works,Waternet locatie Weesperkarspel,Waternet,nl:Waternet (bedrijf),https://www.waternet.nl/innovatie/schoon-water/drinkwater-van-bron-tot-tap/,,,,,,,,,,,,,,,,,,,,,,,,,,,,,,,,,,,,,,,,,,,,,,
"POLYGON ((4.9163487 52.3384014, 4.9163462 52.3384062, 4.9163446 52.3384085, 4.9163408 52.338413, 4.9163386 52.3384151, 4.9163309 52.338421, 4.9163248 52.3384244, 4.9163182 52.3384273, 4.9163074 52.3384309, 4.9162997 52.3384326, 4.9162917 52.3384338, 4.9162836 52.3384344, 4.9162753 52.3384344, 4.9162672 52.3384338, 4.9162553 52.3384319, 4.9162477 52.33843, 4.9162406 52.3384276, 4.9162308 52.338423, 4.9162278 52.3384213, 4.9162224 52.3384175, 4.9162178 52.3384133, 4.9162139 52.3384089, 4.9162123 52.3384066, 4.9162097 52.3384018, 4.9162088 52.3383994, 4.9162076 52.3383944, 4.9162073 52.3383919, 4.9162075 52.3383869, 4.9162086 52.3383819, 4.9162107 52.338377, 4.9162136 52.3383723, 4.9162154 52.3383701, 4.916222 52.3383637, 4.9162274 52.3383599, 4.9162334 52.3383565, 4.91624 52.3383535, 4.9162471 52.338351, 4.9162547 52.3383491, 4.9162625 52.3383476, 4.9162706 52.3383467, 4.9162788 52.3383464, 4.916291 52.338347, 4.9162951 52.3383475, 4.9163068 52.3383498, 4.9163141 52.338352, 4.9163211 52.3383547, 4.9163304 52.3383596, 4.9163358 52.3383634, 4.9163405 52.3383675, 4.9163443 52.338372, 4.9163473 52.3383766, 4.9163495 52.3383815, 4.9163502 52.338384, 4.9163509 52.338389, 4.9163507 52.338394, 4.9163503 52.3383965, 4.9163487 52.3384014))",way/44898212,,,water_tower,,,,,yes,0363100012189540,BAG,2014-03-24,1911,,,,,,,,,,,,,,,,,,,,,,,,,,,,,,,,,,,,,,,,,
"POLYGON ((4.9054899 52.3357718, 4.9054886 52.3357722, 4.9054894 52.335773, 4.9054508 52.3357859, 4.9054531 52.3357884, 4.9054461 52.3357908, 4.9054439 52.3357882, 4.9054056 52.335801, 4.9054049 52.3358002, 4.9054036 52.3358006, 4.9053833 52.3357778, 4.9053417 52.3357917, 4.9052947 52.335739, 4.9053363 52.3357251, 4.9053159 52.3357022, 4.9053172 52.3357018, 4.9053165 52.335701, 4.9054003 52.335673, 4.9054009 52.3356738, 4.9054022 52.3356733, 4.9054473 52.3357239, 4.9054899 52.3357718))",way/45120744,,,pumping_station,Gemaal Stadwijck,AGV/Waternet,,https://www.agv.nl/recreatie/watererfgoed/gemalen/gemaal-stadwijck/,yes,363100012161159,BAG,2014-03-24,1957,Amsterdam,NL,272,1079LK,Amsteldijk,8,"poldergemaal, gemeentelijk monument.",water,Q28746533,Category:Gemaal Stadwijck,nl:Gemaal Stadwijck,,,,,,,,,,,,,,,,,,,,,,,,,,,,,,
"POLYGON ((4.7612383 52.3549852, 4.7612332 52.3549875, 4.7611815 52.3549434, 4.7612925 52.3548941, 4.7613445 52.3549382, 4.7612383 52.3549852))",way/57855819,,,pumping_station,Gemaal Lutkemeerweg,,,,yes,363100012095272,BAG,2014-02-11,1977,,,,,,,,,,,,,,,,,,,,,,,,,,,,,,,,,,,,,,,,,
"POLYGON ((4.7706239 52.3925083, 4.7706308 52.3925208, 4.770611 52.3925248, 4.7706041 52.3925123, 4.7705326 52.3925271, 4.7705395 52.3925396, 4.7705169 52.3925443, 4.7705076 52.3925274, 4.7704938 52.3925303, 4.7705119 52.3925627, 4.7701402 52.3926397, 4.7701216 52.3926062, 4.7703249 52.392564, 4.7703174 52.3925505, 4.770427 52.3925278, 4.7704086 52.3924946, 4.7703001 52.3925172, 4.7702919 52.3925024, 4.7702606 52.3924929, 4.7702496 52.392473, 4.7702652 52.3924536, 4.7702336 52.3924441, 4.7702225 52.3924241, 4.7702382 52.3924048, 4.7702688 52.3923984, 4.7703004 52.392408, 4.7703115 52.3924279, 4.7702959 52.3924473, 4.7703295 52.3924574, 4.7703861 52.3924457, 4.7703897 52.3924522, 4.770458 52.392438, 4.7704519 52.3924269, 4.7707543 52.3923641, 4.7707595 52.3923736, 4.7708381 52.3923573, 4.7708885 52.3924489, 4.7708615 52.3924548, 4.7708099 52.3924654, 4.770819 52.392482, 4.7707965 52.3924867, 4.7707895 52.3924741, 4.7707158 52.3924894, 4.7707227 52.3925019, 4.7707029 52.392506, 4.7706959 52.3924934, 4.7706239 52.3925083))",way/57859745,pumping-station for water-discharge,,pumping_station,Boezemgemaal Halfweg,Hoogheemraadschap van Rijnland,,,industrial,363100012105787,BAG,2014-02-11,1977,,,,,,,,wastewater,Q17334900,Category:Boezemgemaal Halfweg,nl:Boezemgemaal Halfweg,,,,,,,,,,,,,,,,,,,,,,,,,,,,,,
"POLYGON ((4.9531247 52.366986, 4.9531203 52.3671246, 4.9530778 52.3671242, 4.9530776 52.3671309, 4.9530772 52.3671325, 4.953075 52.3671345, 4.9530728 52.3671354, 4.9530702 52.3671357, 4.9530676 52.3671356, 4.9530653 52.3671349, 4.9530634 52.3671338, 4.9530621 52.3671324, 4.9530618 52.3671316, 4.953062 52.3671241, 4.9528981 52.3671226, 4.9528979 52.3671294, 4.952865 52.367129, 4.9528652 52.3671223, 4.9528601 52.3671222, 4.95286 52.3671261, 4.9527536 52.3671252, 4.9527538 52.3671181, 4.952754 52.3671122, 4.9527555 52.367056, 4.9527565 52.3670226, 4.9527579 52.3669725, 4.9527588 52.3669391, 4.9527602 52.3668887, 4.9527611 52.3668553, 4.9527625 52.3668057, 4.952763 52.3667852, 4.9527631 52.3667835, 4.9528777 52.3667847, 4.9528776 52.3667888, 4.9529872 52.3667899, 4.9529999 52.36679, 4.9531288 52.3667913, 4.9531288 52.3667933, 4.9531247 52.366986))",way/57860243,,,pumping_station,Gemaal Zeeburg,Waternet,,,service,0363100012076661,BAG,2014-03-24,1949,,,,,,8,,water,,,,"C. van der Wilk & J. Leupen, Dienst Publieke Werken",Gemeente Amsterdam,200648,,,,,,,,,,,,,,,,,,,,,,,,,,,
"POLYGON ((4.7397021 52.4296583, 4.7397049 52.4296662, 4.7394133 52.4297041, 4.739411 52.4296972, 4.7393904 52.4296381, 4.7393888 52.4296333, 4.7396803 52.4295955, 4.7396833 52.4296039, 4.7397021 52.4296583))",way/57860394,,,pumping_station,Houtrak-gemaal,,,,yes,363100012208394,BAG,2014-02-11,2002,,,,,,,,,,,,,,,,,,,,,,,,,,,,,,,,,,,,,,,,,
"POLYGON ((4.8583068 52.3526889, 4.8583072 52.3526894, 4.8581978 52.3527176, 4.8581633 52.3526675, 4.8582726 52.3526393, 4.8583068 52.3526889))",way/57860930,,,pumping_station,,,,,service,363100012081664,BAG,2014-03-24,1972,,,,,,,,water,,,,,,,,,,,,,,,,,,,,,,,,,,,,,,,,,
"POLYGON ((4.8683506 52.3844968, 4.86835 52.3845024, 4.8683486 52.3845077, 4.8683451 52.3845155, 4.8683418 52.3845206, 4.8683373 52.3845261, 4.868332 52.3845311, 4.8683261 52.3845358, 4.8683194 52.3845401, 4.868312 52.384544, 4.8683041 52.3845475, 4.8682957 52.3845505, 4.8682868 52.384553, 4.8682729 52.3845557, 4.8682634 52.3845568, 4.8682537 52.3845574, 4.8682439 52.3845574, 4.8682342 52.3845568, 4.8682247 52.3845557, 4.8682153 52.384554, 4.8682063 52.3845517, 4.8681977 52.384549, 4.8681895 52.3845458, 4.8681819 52.3845421, 4.8681749 52.3845379, 4.8681685 52.3845334, 4.8681629 52.3845285, 4.8681581 52.3845233, 4.8681541 52.3845179, 4.868151 52.3845123, 4.8681488 52.3845065, 4.8681475 52.3845006, 4.8681471 52.3844946, 4.8681476 52.3844887, 4.8681491 52.3844828, 4.8681515 52.384477, 4.8681548 52.3844714, 4.8681589 52.384466, 4.8681667 52.3844584, 4.8681728 52.3844538, 4.8681796 52.3844495, 4.8681871 52.3844457, 4.8681951 52.3844423, 4.8682036 52.3844394, 4.8682125 52.384437, 4.8682217 52.3844351, 4.8682312 52.3844338, 4.8682409 52.3844331, 4.8682506 52.3844329, 4.8682604 52.3844333, 4.86827 52.3844342, 4.8682794 52.3844357, 4.8682885 52.3844378, 4.8682973 52.3844404, 4.8683056 52.3844435, 4.8683134 52.384447, 4.8683207 52.384451, 4.8683272 52.3844554, 4.8683331 52.3844602, 4.8683382 52.3844653, 4.8683424 52.3844706, 4.8683458 52.3844762, 4.8683484 52.3844819, 4.86835 52.3844878, 4.8683506 52.3844968))",way/57865281,,,water_tower,,,,,yes,363100012111986,BAG,2014-03-24,1996,,,,,,,,,,,,,,,,,,,,,,,,,,,,,,,,,,,,,,,,,
"POLYGON ((4.864535 52.3858012, 4.8644288 52.3857996, 4.864432 52.385722, 4.8645381 52.3857235, 4.864535 52.3858012))",way/57867355,,,pumping_station,Polder gemaal Haarlemmerweg,"Waterschap Amstel, Gooi en Vecht",,,house,0363100012163230,BAG,2021-01-08,2002,,,,,,2,,,,,,,rce,,yes,water,,,,,,,,,,,,,,,,,,,,,,,,,
"POLYGON ((4.7787982 52.3991607, 4.7788805 52.3980069, 4.7788024 52.3979324, 4.7793221 52.3979337, 4.77949 52.3979341, 4.7802725 52.397936, 4.7803423 52.3979361, 4.7804905 52.3979374, 4.7822011 52.3979517, 4.7825025 52.3979515, 4.7834916 52.3979509, 4.7880654 52.3979549, 4.7921383 52.3979484, 4.7939902 52.3979454, 4.7940151 52.3991496, 4.7787982 52.3991607))",way/137928079,,,wastewater_plant,RWZI Amsterdam West,Waternet,,https://www.waternet.nl/,,,,,,,,,,,,,,,,,,,,,,,,,,,,,,,,,,,,,,,,,,,,,,
"POLYGON ((4.8542666 52.4070828, 4.8542097 52.407108, 4.8541392 52.4070496, 4.8541962 52.4070244, 4.8542666 52.4070828))",way/269056219,,,pumping_station,,,,,yes,363100012213438,BAG,2014-02-11,1958,,,,,,,,,,,,,,,,,,,,,,,,,,,,,,,,,,,,,,,,,
"POLYGON ((4.7890243 52.3763262, 4.7890204 52.3763286, 4.7889805 52.3763043, 4.7889496 52.3762854, 4.7890377 52.3762313, 4.7891085 52.3762745, 4.7890243 52.3763262))",way/274389734,,,pumping_station,Gemaal Nico Broekhuysen,,,,yes,363100012185104,BAG,2014-03-24,1991,,,,,,,,,Q55076480,Category:Poldergemaal Nico Broekhuysen,nl:Poldergemaal Nico Broekhuysen,,,,,,Poldergemaal Nico Broekhusenweg,,,,,,,,,,,,,,,,,,,,,,,,
"POLYGON ((4.8565667 52.3362241, 4.8565399 52.3362441, 4.8565219 52.3362509, 4.856504 52.3362576, 4.8564628 52.3362633, 4.8564574 52.3362634, 4.8564464 52.3362632, 4.8564302 52.3362619, 4.8564144 52.3362592, 4.8563992 52.3362554, 4.8563896 52.3362522, 4.8563761 52.3362465, 4.8563679 52.3362421, 4.8563602 52.3362373, 4.8563533 52.3362321, 4.8563471 52.3362266, 4.8563417 52.3362208, 4.8563371 52.3362147, 4.8563334 52.3362084, 4.8563306 52.3362019, 4.8563287 52.3361953, 4.8563277 52.3361887, 4.8563276 52.336182, 4.8563285 52.3361753, 4.8563315 52.3361654, 4.8563347 52.336159, 4.8563387 52.3361528, 4.8563436 52.3361468, 4.8563464 52.3361439, 4.8563525 52.3361383, 4.856363 52.3361307, 4.8563709 52.336126, 4.8563839 52.3361199, 4.8563932 52.3361164, 4.856408 52.336112, 4.8564236 52.3361089, 4.8564397 52.336107, 4.8564561 52.3361064, 4.856467 52.3361067, 4.8564832 52.3361082, 4.8564938 52.3361099, 4.8565091 52.3361135, 4.8565188 52.3361166, 4.8565281 52.3361201, 4.856541 52.3361263, 4.8565525 52.3361335, 4.8565593 52.3361387, 4.8565654 52.3361443, 4.8565681 52.3361472, 4.856575 52.3361563, 4.8565786 52.3361626, 4.85658 52.3361659, 4.8565812 52.3361691, 4.856583 52.3361757, 4.8565838 52.3361824, 4.8565837 52.3361891, 4.8565833 52.3361925, 4.8565818 52.3361991, 4.8565778 52.3362088, 4.856576 52.336212, 4.8565718 52.3362182, 4.8565667 52.3362241))",way/277416375,,,water_tower,Watertoren Amstelveenseweg,Waternet,,,water_tower,363100012216977,BAG,2014-03-24,1965,,,,,,,,,Q1921456,File:Amsterdam_Watertoren_Amstelveenseweg.jpg,nl:Watertoren Amstelveenseweg,,,,,,,40 m,,,,,,,,,,,,,,,,,,,,,,,
"POLYGON ((4.9484823 52.3455248, 4.9484846 52.3455265, 4.9484851 52.3455284, 4.948484 52.3455305, 4.9484819 52.345532, 4.9484516 52.3455445, 4.9484086 52.3455194, 4.9484277 52.3455001, 4.9484302 52.3454985, 4.948433 52.3454979, 4.9484365 52.3454983, 4.9484393 52.3454997, 4.9484535 52.345508, 4.9484684 52.3455167, 4.9484823 52.3455248))",way/279833485,,,pumping_station,,Waternet,,,yes,363100012195034,BAG,2014-03-24,1941,,,,,,,,water,,,,,,,,,,,,,,,,,,,,,,,,,,,,,,,,,
"POLYGON ((4.9504376 52.3469604, 4.9503931 52.3469891, 4.9503881 52.3469861, 4.9503026 52.3469353, 4.9503062 52.3469331, 4.9503177 52.346926, 4.9503241 52.346922, 4.950348 52.3469071, 4.9503943 52.3469351, 4.950426 52.3469537, 4.9504376 52.3469604))",way/279833581,,,pumping_station,,,,,yes,363100012184115,BAG,2014-03-24,2001,,,,,,,,water,,,,,,,,,,,,,,,,,,,,,,,,,,,,,,,,,
"POLYGON ((4.9287577 52.340999, 4.9287396 52.3410104, 4.9287284 52.3410174, 4.9287246 52.3410199, 4.9287217 52.3410217, 4.9286802 52.340997, 4.9287028 52.3409827, 4.9287162 52.3409743, 4.9287323 52.3409839, 4.9287577 52.340999))",way/279841197,,,pumping_station,,Waternet,,,yes,363100012116666,BAG,2014-03-24,1942,,,,,,,,water,,,,,,,,,,,,,,,,,,,,,,,,,,,,,,,,,
"POLYGON ((4.9262531 52.3411691, 4.9262498 52.3411711, 4.9262195 52.3411901, 4.9261559 52.341152, 4.9261923 52.3411293, 4.926213 52.3411164, 4.9262511 52.3410927, 4.9263146 52.3411307, 4.9263117 52.3411326, 4.9262731 52.3411559, 4.9262531 52.3411691))",way/279842069,,,pumping_station,,Waternet,,,yes,363100012134980,BAG,2014-03-24,1958,,,,,,,,water,,,,,,,,,,,,,,,,,,,,,,,,,,,,,,,,,
"POLYGON ((4.9665893 52.3736912, 4.9665862 52.3736928, 4.9666079 52.3737084, 4.9664303 52.3737754, 4.9664161 52.3737829, 4.9664142 52.3737815, 4.9664065 52.3737844, 4.9664052 52.3737845, 4.9661521 52.3736055, 4.9663319 52.3735086, 4.9663775 52.3735037, 4.9665187 52.3736411, 4.9665893 52.3736912))",way/280034289,,,pumping_station,Booster,,,,yes,363100012183134,BAG,2014-05-07,2004,,,,,,,,sewage,,,,,,,,,,,Boostergemaal Oost,,,,,,,,,,,,,,,,,,,,,,
"POLYGON ((4.9093566 52.4087514, 4.9093007 52.4087802, 4.909242 52.4088104, 4.909096 52.408704, 4.9091445 52.408679, 4.9092107 52.408645, 4.9093566 52.4087514))",way/280570147,,,pumping_station,Gemaal Kadoelen,,,,yes,0363100012224235,BAG,2014-05-07,1984,,,,,,,,,,,,,,,,,,,,,,,,,,,,,,,,,,,,,,,,,
"POLYGON ((4.9515812 52.4010178, 4.951503 52.4010492, 4.9514575 52.401007, 4.9515528 52.4009688, 4.9515981 52.401011, 4.9515812 52.4010178))",way/280764133,,,pumping_station,Gemaal Jisperveldstraat,Hoogheemraadschap Hollands Noorderkwartier,,,,363100012206281,BAG,2014-05-07,1992,,,,,,,,,,,,,,,,,,,,,,,,,,,,,,,,,,,,,,,,,
"POLYGON ((5.0021918 52.3968876, 5.0021941 52.3968889, 5.0021961 52.3968907, 5.0021973 52.3968928, 5.0021975 52.3968951, 5.0021973 52.3968962, 5.0021962 52.3968983, 5.0021942 52.3969001, 5.0021915 52.3969016, 5.0021866 52.396903, 5.002183 52.3969032, 5.0021794 52.3969028, 5.0021761 52.3969019, 5.0021733 52.3969005, 5.0021711 52.3968987, 5.0021698 52.3968967, 5.0021695 52.3968934, 5.0021705 52.3968912, 5.0021723 52.3968893, 5.0021748 52.3968877, 5.002178 52.3968866, 5.0021815 52.396886, 5.0021869 52.3968862, 5.0021918 52.3968876))",way/280867853,,,pumping_station,,,,,yes,363100012187511,BAG,2014-05-07,1900,,,,,,,,,,,,,,,,,,,,,,,,,,,,,,,,,,,,,,,,,
"POLYGON ((5.0247905 52.4122589, 5.024787 52.412259, 5.0247837 52.4122586, 5.0247792 52.412257, 5.0247768 52.4122555, 5.0247751 52.4122536, 5.0247742 52.4122516, 5.0247746 52.4122483, 5.0247758 52.4122463, 5.0247791 52.4122438, 5.0247821 52.4122426, 5.0247871 52.4122418, 5.0247922 52.4122421, 5.0247953 52.4122429, 5.024798 52.4122442, 5.0248001 52.4122458, 5.0248016 52.4122477, 5.0248022 52.4122498, 5.0248021 52.4122519, 5.024801 52.4122539, 5.0247992 52.4122557, 5.0247968 52.4122572, 5.0247938 52.4122583, 5.0247905 52.4122589))",way/280867855,,,pumping_station,,,,,yes,363100012200490,BAG,2014-05-07,1967,,,,,,,,,,,,,,,,,,,,,,,,,,,,,,,,,,,,,,,,,
"POLYGON ((4.9626162 52.3558436, 4.9626914 52.3558148, 4.9626936 52.3558169, 4.9627386 52.3558612, 4.9627402 52.3558628, 4.9627421 52.3558647, 4.9627456 52.3558681, 4.9627639 52.3558861, 4.9627466 52.3558927, 4.9627034 52.3559092, 4.9626897 52.3559145, 4.9626886 52.3559149, 4.9626648 52.3558915, 4.9626606 52.3558873, 4.9626205 52.3558479, 4.9626162 52.3558436))",way/281402221,,,pumping_station,,"Waterschap Amstel, Gooi en Vecht",,,yes,0363100012217994,BAG,2021-08-31,1946,,,,,,,,water,,,,,,,,,,,,,,,,,,,,,,,,,,,,,,,,,
"POLYGON ((5.0009042 52.3099777, 5.0008649 52.3099941, 5.0008097 52.3099446, 5.0009594 52.309882, 5.0010146 52.3099314, 5.0009469 52.3099598, 5.0009042 52.3099777))",way/282274085,,,pumping_station,Zuid Bijlmer,,,,yes,363100012214151,BAG,2014-05-07,1927,,,,,,,,,,,,,,,,,,,,,,,,,,,,,,,,,,,,,,,,,
"POLYGON ((4.9163062 52.3384232, 4.9162956 52.3384257, 4.9162744 52.338427, 4.9162537 52.3384237, 4.9162335 52.3384146, 4.9162223 52.3384036, 4.9162179 52.338391, 4.9162208 52.3383781, 4.9162313 52.3383661, 4.9162474 52.3383575, 4.9162734 52.3383523, 4.9162947 52.3383533, 4.9163152 52.3383592, 4.91633 52.3383686, 4.9163403 52.3383864, 4.9163384 52.3383994, 4.9163234 52.3384156, 4.9163062 52.3384232))",way/458093529,,,water_tower,Watertoren Zuidergasfabriek,,,,,,,,,,,,,,2,,,Q2085265,File:WATERTOREN van de Zuidergasfabriek.jpg,nl:Watertoren (Amsterdam Spaklerweg),,rce,,,,,45,,no,1,526948,,,,,,,,,,,,,,,,,,,
"POLYGON ((5.0092469 52.4140588, 5.009238 52.4140499, 5.0092418 52.4140433, 5.0092585 52.4140413, 5.0092686 52.4140511, 5.0092603 52.4140588, 5.0092469 52.4140588))",way/471509522,,,pumping_station,,,,,yes,,,,,,,,,,,,,,,,,,,,water,,,,,,,,,,,,,,,,,,,,,,,,,
"POLYGON ((4.8456238 52.3768277, 4.8456359 52.3768068, 4.8456719 52.3768145, 4.8456598 52.3768354, 4.8456238 52.3768277))",way/624439357,,,water_works,,,,,,,,,,,,,,,,,,,,,,,,,,,,,,,,,,,,,,,,,,,,,,,,,,
"POLYGON ((4.9914599 52.3224982, 4.9915099 52.3224277, 4.9915676 52.322443, 4.9915962 52.3224029, 4.9917171 52.3224355, 4.9916902 52.3224723, 4.9917239 52.3224816, 4.991668 52.322558, 4.9916346 52.3225488, 4.9916166 52.3225735, 4.9914976 52.322541, 4.9915168 52.3225131, 4.9914821 52.3225041, 4.9914599 52.3224982))",way/813291747,,,pumping_station,gemaal Bijlmer Zandpad,,,,,,,,,,,,,,,,,,,,,,,,,,,,,,,,,,,,,,,,,,,,,,,,,
"POLYGON ((4.8784277 52.3956955, 4.8784489 52.3956795, 4.878473 52.3956915, 4.8784526 52.3957068, 4.8784277 52.3956955))",way/847950352,,,pumping_station,,,,,,,,,,,,,,,,,,,,,,,,,,,,,,-1,,,,,,,,,,,,,,,,,,,,
"POLYGON ((4.8830482 52.3979537, 4.8830684 52.3979641, 4.8830509 52.3979767, 4.8830308 52.3979663, 4.8830482 52.3979537))",way/848014707,,,pumping_station,,,,,,,,,,,,,,,,,,,,,,,,,,,,,,-1,,,,,,,,,,,,,,,,,,,,
"POLYGON ((4.88226 52.3975468, 4.8822754 52.3975547, 4.8822621 52.3975642, 4.8822468 52.3975563, 4.88226 52.3975468))",way/848020100,,,pumping_station,,,,,,,,,,,,,,,,,,,,,,,,,,,,,,-1,,,,,,,,,,,,,,,,,,,,
"POLYGON ((4.8811647 52.3970016, 4.8811369 52.396987, 4.8811551 52.396974, 4.881183 52.3969887, 4.8811647 52.3970016))",way/848033770,,,pumping_station,,,,,,,,,,,,,,,,,,,,,,,,,,,,,,,,,,,,,,,,,,,,,,,,,,
"POLYGON ((4.8723161 52.3987776, 4.8723234 52.3987647, 4.8723453 52.3987693, 4.872338 52.3987823, 4.8723161 52.3987776))",way/848883129,,,pumping_station,,,,,yes,,,,,,,,,,,,,,,,,,,,,,,,,,,,,,,,,,,,,,,,,,,,,
"POLYGON ((4.8707043 52.4000321, 4.870711 52.400019, 4.8707332 52.4000232, 4.8707265 52.4000363, 4.8707043 52.4000321))",way/848915758,,,pumping_station,,,,,yes,,,,,,,,,,,,,,,,,,,,,,,,,,,,,,,,,,,,,,,,,,,,,
"POLYGON ((4.8713438 52.4001662, 4.8713505 52.4001531, 4.8713727 52.4001573, 4.871366 52.4001704, 4.8713438 52.4001662))",way/848915870,,,pumping_station,,,,,yes,,,,,,,,,,,,,,,,,,,,,,,,,,,,,,,,,,,,,,,,,,,,,
"POLYGON ((4.8718228 52.3996543, 4.8718301 52.3996413, 4.871852 52.399646, 4.8718447 52.3996589, 4.8718228 52.3996543))",way/848915871,,,pumping_station,,,,,yes,,,,,,,,,,,,,,,,,,,,,,,,,,,,,,,,,,,,,,,,,,,,,
"POLYGON ((4.8721421 52.3990966, 4.8721494 52.3990837, 4.8721713 52.3990883, 4.872164 52.3991012, 4.8721421 52.3990966))",way/848915894,,,pumping_station,,,,,yes,,,,,,,,,,,,,,,,,,,,,,,,,,,,,,,,,,,,,,,,,,,,,
"POLYGON ((4.8707251 52.3988257, 4.8707338 52.3988086, 4.8707505 52.3988117, 4.8707418 52.3988289, 4.8707251 52.3988257))",way/848931774,,,pumping_station,,,,,,,,,,,,,,,,,,,,,,,,,,,,,,,,,,,,,,,,,,,,,,,,,,
"POLYGON ((4.8720985 52.3966648, 4.8721072 52.3966443, 4.872135 52.3966488, 4.8721262 52.3966694, 4.8720985 52.3966648))",way/849443956,,,pumping_station,,,,,yes,,,,,,,,,,,,,,,,,,,,,,,,,,,,,,,,,,,,,,,,,,,,,
"POLYGON ((4.8616326 52.3956015, 4.861657 52.3955879, 4.8616825 52.3956048, 4.8616581 52.3956185, 4.8616326 52.3956015))",way/850445204,,,pumping_station,,,,,,,,,,,,,,,,,,,,,,,,,,,,,,,,,,,,,,,,,,,,,,,,,,
"POLYGON ((4.8593947 52.3965156, 4.8593888 52.3965107, 4.8593824 52.3965053, 4.8593956 52.3964994, 4.859413 52.3964917, 4.8594312 52.3964836, 4.8594452 52.3964774, 4.8594515 52.3964827, 4.8594575 52.3964878, 4.8594435 52.396494, 4.8594256 52.3965019, 4.859408 52.3965097, 4.8593947 52.3965156))",way/850486481,,,pumping_station,,,,,,,,,,,,,,,,,,,,,,,,,,,,,,,,,,,,,,,,,,,,,,,,,,
"POLYGON ((4.8751247 52.4002814, 4.8751355 52.4002623, 4.875155 52.4002664, 4.8751442 52.4002855, 4.8751247 52.4002814))",way/851995595,,,pumping_station,,,,,yes,,,,,,,,,,,,,,,,,,,,,,,,,-1,,,,,,,,,,,,,,,,,,,,
"POLYGON ((4.8612888 52.392818, 4.8612587 52.3928157, 4.8612616 52.3928015, 4.8612917 52.3928038, 4.8612888 52.392818))",way/854264642,,,pumping_station,,,,,yes,,,,,,,,,,,,,,,,,,,,,,,,,,,,,,,,,,,,,,,,,,,,,
"POLYGON ((4.8730334 52.4045541, 4.873049 52.4045483, 4.873065 52.4045544, 4.8730422 52.4045629, 4.8730334 52.4045541))",way/857910142,,,pumping_station,,,,,yes,,,,,,,,,,,,,,,,,,,,,,,,,,,,,,,,,,,,,,,,,,,,,
"POLYGON ((4.8570608 52.4054958, 4.8570442 52.4054814, 4.8570962 52.4054592, 4.8571127 52.4054736, 4.8570608 52.4054958))",way/858302590,,,pumping_station,,,,,,,,,,,,,,,,,,,,,,,,,,,,,,,,,,,,,,,,,,,,,,,,,,
"POLYGON ((4.8612431 52.4044336, 4.8612173 52.4044125, 4.8612428 52.4044009, 4.8612685 52.404422, 4.8612431 52.4044336))",way/858682170,,,pumping_station,,,,,,,,,,,,,,,,,,,,,,,,,,,,,,,,,,,,,,,,,,,,,,,,,,
"POLYGON ((4.8643746 52.4025987, 4.8643586 52.4025871, 4.8643867 52.4025726, 4.8643788 52.4025669, 4.8643992 52.4025564, 4.8644231 52.4025736, 4.8643746 52.4025987))",way/859240871,,,pumping_station,,,,,,,,,,,,,,,,,,,,,,,,,,,,,,-1,,,,,,,,,,,,,,,,,,,,
"POLYGON ((4.8668265 52.4041602, 4.8668169 52.4041522, 4.8668402 52.4041418, 4.8668498 52.4041498, 4.8668265 52.4041602))",way/859326746,,,pumping_station,,,,,,,,,,,,,,,,,,,,,,,,,,,,,,-1,,,,,,,,,,,,,,,,,,,,
"POLYGON ((4.869685 52.404422, 4.8696562 52.4044004, 4.8696705 52.4043933, 4.8696993 52.4044149, 4.869685 52.404422))",way/859431157,,,pumping_station,,,,,,,,,,,,,,,,,,,,,,,,,,,,,,-1,,,,,,,,,,,,,,,,,,,,
"POLYGON ((4.8700717 52.4068365, 4.8700545 52.4067819, 4.8700963 52.406777, 4.8701135 52.4068316, 4.8700717 52.4068365))",way/859442995,,,pumping_station,,,,,yes,,,,,,,,,,,,,,,,,,,,,,,,,,,,,,,,,,,,,,,,,,,,,
"POLYGON ((4.8665759 52.3841874, 4.8658715 52.3841011, 4.8663247 52.382903, 4.8669723 52.3829934, 4.8675563 52.3830762, 4.8672458 52.3839113, 4.8672296 52.3839806, 4.8666893 52.3839024, 4.8665759 52.3841874))",way/861224465,,industrial,pumping_station,Pompstation Haarlemmerweg,Waternet,,https://www.waternet.nl/,,,,,,,,,,,,,,,,,,,,,water,,,,,,,,,,,,,,,,,,,,,,,,,
"POLYGON ((4.8568606 52.4094017, 4.856865 52.4093825, 4.8568831 52.4093841, 4.8568786 52.4094033, 4.8568606 52.4094017))",way/862768430,,,pumping_station,,,,,,,,,,,,,,,,,,,,,,,,,,,,,,,,,,,,,,,,,,,,,,,,,,
"POLYGON ((4.8532548 52.4104581, 4.8532694 52.4104492, 4.8532793 52.4104552, 4.8532647 52.4104641, 4.8532548 52.4104581))",way/862825964,,,pumping_station,,,,,,,,,,,,,,,,,,,,,,,,,,,,,,-1,,,,,,,,,,,,,,,,,,,,
"POLYGON ((4.8532103 52.4104559, 4.8532234 52.4104477, 4.8532352 52.4104547, 4.8532222 52.4104629, 4.8532103 52.4104559))",way/862825965,,,pumping_station,,,,,,,,,,,,,,,,,,,,,,,,,,,,,,-1,,,,,,,,,,,,,,,,,,,,
"POLYGON ((4.8532414 52.4104507, 4.8532295 52.4104438, 4.8532645 52.4104217, 4.8532763 52.4104287, 4.8532414 52.4104507))",way/862825966,,,pumping_station,,,,,,,,,,,,,,,,,,,,,,,,,,,,,,-1,,,,,,,,,,,,,,,,,,,,
"POLYGON ((4.8536908 52.4107372, 4.8537013 52.4107303, 4.8537132 52.4107372, 4.8537027 52.410744, 4.8536908 52.4107372))",way/862825970,,,pumping_station,,,,,,,,,,,,,,,,,water,,,,,,,,,,,,,-1,,,,,,,,,,,,,,,,,,,,
"POLYGON ((4.8537406 52.4107216, 4.8537566 52.4107112, 4.8537685 52.4107181, 4.8537525 52.4107284, 4.8537406 52.4107216))",way/862825972,,,pumping_station,,,,,,,,,,,,,,,,,water,,,,,,,,,,,,,-1,,,,,,,,,,,,,,,,,,,,
"POLYGON ((4.8512905 52.4101137, 4.851299 52.4101034, 4.8513128 52.4101076, 4.8513043 52.4101179, 4.8512905 52.4101137))",way/863260573,,,pumping_station,,,,,,,,,,,,,,,,,,,,,,,,,,,,,,,,,,,,,,,,,,,,,,,,,,
"POLYGON ((4.8517938 52.404906, 4.8518087 52.404899, 4.8518361 52.4049209, 4.8518211 52.4049278, 4.8517938 52.404906))",way/865644690,,,pumping_station,,,,,,,,,,,,,,,,,,,,,,,,,,,,,,,,,,,,,,,,,,,,,,,,,,
"POLYGON ((4.8419974 52.4056155, 4.8421624 52.4055413, 4.8422101 52.4055807, 4.8422514 52.4056149, 4.8420863 52.4056891, 4.8419974 52.4056155))",way/865988979,,,pumping_station,,Vattenfal,,,yes,,,,,,,,,,,,water,,,,,,,,,,,,,,,,,,,,,,,,,,,,,,,,,
"POLYGON ((4.832766 52.4099991, 4.8328905 52.4099434, 4.8329397 52.4099844, 4.8328152 52.4100401, 4.832766 52.4099991))",way/867742398,,,pumping_station,,,,,,,,,,,,,,,,,,,,,,,,,,,,,,-1,,,,,,,,,,,,,,,,,,,,
"POLYGON ((4.8292541 52.4106744, 4.8292435 52.4106679, 4.8292601 52.4106578, 4.8292707 52.4106642, 4.8292541 52.4106744))",way/867961154,,,pumping_station,,Waternet,,,,,,,,,,,,,,,,,,,,,,,,,,,,,,,,,,,,,,,,,,,,,,,,
"POLYGON ((4.8292892 52.4106661, 4.8292751 52.4106574, 4.8292972 52.4106439, 4.8293114 52.4106526, 4.8292892 52.4106661))",way/867961155,,,pumping_station,,Waternet,,,,,,,,,,,,,,,,,,,,,,,,,,,,,,,,,,,,,,,,,,,,,,,,
"POLYGON ((4.8293065 52.4174279, 4.8293042 52.4174193, 4.8293228 52.4174175, 4.8293251 52.417426, 4.8293065 52.4174279))",way/870819152,,,pumping_station,,,,,yes,,,,,,,,,,,,,,,,,,,,,,,,,-1,,,,,,,,,,,,,,,,,,,,
"POLYGON ((4.8293274 52.4174141, 4.8293239 52.417401, 4.8293522 52.4173981, 4.8293557 52.4174112, 4.8293274 52.4174141))",way/870819153,,,pumping_station,,,,,yes,,,,,,,,,,,,,,,,,,,,,,,,,-1,,,,,,,,,,,,,,,,,,,,
"POLYGON ((4.822447 52.4172303, 4.8224551 52.4172125, 4.8224721 52.4172154, 4.822464 52.4172331, 4.822447 52.4172303))",way/874041306,,,pumping_station,,,,,,,,,,,,,,,,,,,,,,,,,,,,,,,,,,,,,,,,,,,,,,,,,,
"POLYGON ((4.8305041 52.4079085, 4.8304952 52.4079009, 4.8305069 52.4078959, 4.8305158 52.4079035, 4.8305041 52.4079085))",way/875734372,,,pumping_station,,Waternet,,,yes,,,,,,,,,,,,water,,,,,,,,,,,,,-1,,underground,,,,,,,,,,,,,,,,,,
"POLYGON ((4.8304668 52.4079022, 4.8304498 52.4078875, 4.8304678 52.4078798, 4.8304848 52.4078944, 4.8304668 52.4079022))",way/875734373,,,pumping_station,,Waternet,,,yes,,,,,,,,,,,,water,,,,,,,,,,,,,-1,,surface,,,,,,,,,,,,,,,,,,
"POLYGON ((4.8262202 52.4003344, 4.8262199 52.4003217, 4.8262364 52.4003216, 4.8262367 52.4003343, 4.8262202 52.4003344))",way/878925469,,,pumping_station,,,,,,,,,,,,,,,,,,,,,,,,,,,,,,-1,,,,,,,,,,,,,,,,,,,,
"POLYGON ((4.8367907 52.3926608, 4.8368031 52.3926496, 4.8368248 52.3926585, 4.8368124 52.3926698, 4.8367907 52.3926608))",way/884668433,,,pumping_station,,,,,yes,,,,,,,,,,,,,,,,,,,,,,,,,-1,,surface,,,,,,,,,,,,,,,,,,
"POLYGON ((4.8397397 52.3988605, 4.8397775 52.3988498, 4.8397957 52.3988735, 4.8397877 52.3988758, 4.8397922 52.3988817, 4.8397624 52.3988902, 4.8397397 52.3988605))",way/889289223,,,pumping_station,,,,,,,,,,,,,,,,,water,,,,,,,,,,,,,-1,,,,,,,,,,,,,,,,,,,,
"POLYGON ((4.8492148 52.3986331, 4.8492486 52.3986182, 4.8492614 52.3986305, 4.849229 52.3986452, 4.8492148 52.3986331))",way/908903483,,,pumping_station,,,,,,,,,,,,,,,,,,,,,,,,,,,,,,,,,,,,,,,,,,,,,,,,,,
"POLYGON ((4.8497675 52.39661, 4.8497696 52.3965808, 4.8497889 52.3965813, 4.8497887 52.3965834, 4.849809 52.3965839, 4.8498091 52.3965819, 4.8498233 52.3965823, 4.8498224 52.3965953, 4.8498097 52.396595, 4.8498085 52.3966111, 4.8497675 52.39661))",way/909252109,,,pumping_station,,Waternet,,,,,,,,,,,,,,,,,,,,,,,,,,,,-1,,,,,,,,,,,,,,,,,,,,
"POLYGON ((4.8561921 52.3368929, 4.8556846 52.3368943, 4.8552309 52.3368639, 4.8552354 52.3345874, 4.8559647 52.3345872, 4.8559666 52.3343643, 4.8571169 52.3343648, 4.8571067 52.3350446, 4.8570828 52.3368905, 4.8567922 52.3368913, 4.8567844 52.3365047, 4.8565608 52.3365035, 4.8562128 52.3365865, 4.8561958 52.3366038, 4.8561921 52.3368929))",way/970591874,,industrial,pumping_station,Pompstation Amstelveenseweg,Waternet,,https://www.waternet.nl/,,,,,,,,,,,,,,,File:Pompstation_Amstelveenseweg.jpg,,,,,,,,,,,,,,Q2137469,,,,,,,,,,,,,,,,,
"POLYGON ((4.9520194 52.3510725, 4.9520219 52.3510708, 4.9520333 52.3510632, 4.9520452 52.35107, 4.9520313 52.3510792, 4.9520194 52.3510725))",way/1001189521,,,pumping_station,,,,,yes,,,,,,,,,,,,water,,,,,,,,,,,,,,,,,,,,,,,,,,,,,,,,,
"POLYGON ((4.949812 52.3500148, 4.9498262 52.3500056, 4.9498529 52.350021, 4.9498386 52.3500302, 4.949812 52.3500148))",way/1005228210,,,pumping_station,,,,,yes,,,,,,,,,,,,water,,,,,,,,,,,,,-1,,surface,,,,,,,,,,,,,,,,,,
"POLYGON ((4.9501942 52.3471634, 4.950167 52.3471477, 4.9501851 52.3471358, 4.9502123 52.3471515, 4.9501942 52.3471634))",way/1005627485,,,pumping_station,,,,,,,,,,,,,,,,,water,,,,,,,,,,,,,-1,,,,,,,,,,,,,,,,,,,,
"POLYGON ((4.951386 52.3461767, 4.9513953 52.3461708, 4.9514043 52.3461761, 4.951395 52.346182, 4.951386 52.3461767))",way/1007644162,,,pumping_station,,,,,yes,,,,,,,,,,,,,,,,,,,,,,,,,-1,,,,,,,,,,,,,,,,,,,,
"POLYGON ((4.9394459 52.3470051, 4.939433 52.3469967, 4.9394199 52.3469882, 4.9394482 52.346972, 4.9394742 52.346989, 4.9394459 52.3470051))",way/1081688196,,,pumping_station,,,,,yes,,,,,,,,,,,,water,,,,,,,,,,,,,,,,,,,,,,,,,,,,,,,,,
"POLYGON ((4.9560047 52.3534082, 4.9560333 52.353392, 4.9560533 52.353405, 4.9560247 52.3534213, 4.9560047 52.3534082))",way/1082580966,,,pumping_station,,,,,,,,,,,,,,,,,gas,,,,,,,,,,,,,,,,,,,,,,,,,,,,,,,,,
"POLYGON ((4.954954 52.3560105, 4.9549693 52.3560198, 4.954973 52.3560221, 4.9549632 52.356028, 4.9549442 52.3560165, 4.954954 52.3560105))",way/1082989643,,,pumping_station,,Waternet,,,,,,,,,,,,,,,sewage,,,,,,,,,,,,,,,,,,,,,,,,,,,,,,,,,
"POLYGON ((4.9549368 52.3559979, 4.9549245 52.3560056, 4.95492 52.3560084, 4.9549072 52.3560009, 4.954924 52.3559903, 4.9549368 52.3559979))",way/1082989644,,,pumping_station,,Waternet,,,,,,,,,,,,,,,water,,,,,,,,,,,,,,,,,,,,,,,,,,,,,,,,,
"POLYGON ((4.9591957 52.3551504, 4.959215 52.3551322, 4.9592358 52.3551405, 4.9592164 52.3551586, 4.9591957 52.3551504))",way/1088915708,,,pumping_station,,,,,,,,,,,,,,,,,water,,,,,,,,,,,,,-1,,,,,,,,,,,,,,,,,,,,
"POLYGON ((4.9571616 52.3569674, 4.9572084 52.3569623, 4.9572196 52.3570027, 4.9571727 52.3570072, 4.9571616 52.3569674))",way/1089070329,,,pumping_station,,Waternet,,,,,,,,,,,,,,,water,,,,,,,,,,,,,-1,,,,,,,,,,,,,,,,,,,,
"POLYGON ((4.9571852 52.3569797, 4.9571828 52.3569705, 4.9572007 52.3569687, 4.9572031 52.356978, 4.9571852 52.3569797))",way/1089314901,,,pumping_station,,Waternet,,,,,,,,,,,,,,,water,,,,,,,,,,,,,-1,,,,,,,,,,,,,,,,,,,,
"POLYGON ((4.9561769 52.3568381, 4.9561948 52.3568259, 4.956218 52.3568386, 4.9562001 52.3568508, 4.9561769 52.3568381))",way/1089314904,,,pumping_station,,,,,,,,,,,,,,,,,water,,,,,,,,,,,,,-1,,,,,,,,,,,,,,,,,,,,
"POLYGON ((4.9525044 52.3556889, 4.9525198 52.3556781, 4.9525398 52.3556887, 4.9525244 52.3556995, 4.9525044 52.3556889))",way/1089725575,,,pumping_station,,,,,,,,,,,,,,,,,,,,,,,,,,,,,,-1,,,,,,,,,,,,,,,,,,,,
"POLYGON ((4.952864 52.3557194, 4.9528835 52.3557066, 4.9529125 52.355723, 4.952893 52.3557358, 4.952864 52.3557194))",way/1089738856,,,pumping_station,,,,,,,,,,,,,,,,,,,,,,,,,,,,,,-1,,,,,,,,,,,,,,,,,,,,
"POLYGON ((4.9529933 52.3556335, 4.9530028 52.3556275, 4.9530139 52.3556339, 4.9530044 52.35564, 4.9529933 52.3556335))",way/1089738857,,,pumping_station,,,,,,,,,,,,,,,,,,,,,,,,,,,,,,-1,,,,,,,,,,,,,,,,,,,,
"POLYGON ((4.9529746 52.3556225, 4.9529841 52.3556164, 4.9529952 52.3556229, 4.9529857 52.355629, 4.9529746 52.3556225))",way/1089738858,,,pumping_station,,,,,,,,,,,,,,,,,,,,,,,,,,,,,,-1,,,,,,,,,,,,,,,,,,,,
"POLYGON ((4.9510047 52.3565874, 4.9510235 52.3565759, 4.9510431 52.3565879, 4.9510243 52.3565994, 4.9510047 52.3565874))",way/1089748964,,,pumping_station,,Waternet,,,yes,,,,,,,,,,,,,,,,,,,,,,,,,-1,,,,,,,,,,,,,,,,,,,,
"POLYGON ((4.9546554 52.3566211, 4.954665 52.3566151, 4.9546734 52.35662, 4.9546638 52.3566261, 4.9546554 52.3566211))",way/1089818742,,,pumping_station,,,,,,,,,,,,,,,,,,,,,,,,,,,,,,-1,,,,,,,,,,,,,,,,,,,,
"POLYGON ((4.9546418 52.3566131, 4.9546514 52.356607, 4.9546598 52.356612, 4.9546502 52.356618, 4.9546418 52.3566131))",way/1089818743,,,pumping_station,,,,,,,,,,,,,,,,,,,,,,,,,,,,,,-1,,,,,,,,,,,,,,,,,,,,
"POLYGON ((4.9545486 52.3565877, 4.954559 52.3565809, 4.9545706 52.3565876, 4.9545602 52.3565943, 4.9545486 52.3565877))",way/1089818744,,,pumping_station,,,,,,,,,,,,,,,,,,,,,,,,,,,,,,-1,,,,,,,,,,,,,,,,,,,,
"POLYGON ((4.9552096 52.3570377, 4.9552248 52.3570279, 4.9552416 52.3570375, 4.9552265 52.3570474, 4.9552096 52.3570377))",way/1089819849,,,pumping_station,,,,,,,,,,,,,,,,,,,,,,,,,,,,,,-1,,,,,,,,,,,,,,,,,,,,
"POLYGON ((4.9548531 52.3568165, 4.9548682 52.3568067, 4.9548851 52.3568163, 4.95487 52.3568262, 4.9548531 52.3568165))",way/1089819850,,,pumping_station,,,,,,,,,,,,,,,,,,,,,,,,,,,,,,-1,,,,,,,,,,,,,,,,,,,,
"POLYGON ((4.9512266 52.356877, 4.9512528 52.3568779, 4.9512513 52.356895, 4.9512251 52.3568942, 4.9512264 52.356879, 4.9512266 52.356877))",way/1089939091,,,pumping_station,,,,,,,,,,,,,,,,,,,,,,,,,,,,,,-1,,,,,,,,,,,,,,,,,,,,
"POLYGON ((4.9495648 52.3558016, 4.9495813 52.3557921, 4.9495964 52.3558019, 4.9495799 52.3558114, 4.9495648 52.3558016))",way/1090189528,,,pumping_station,,,,,,,,,,,,,,,,,,,,,,,,,,,,,,-1,,,,,,,,,,,,,,,,,,,,
"POLYGON ((4.9494757 52.3558172, 4.9495031 52.3558014, 4.9495213 52.3558131, 4.9494939 52.3558289, 4.9494757 52.3558172))",way/1090189529,,,pumping_station,,,,,,,,,,,,,,,,,,,,,,,,,,,,,,-1,,,,,,,,,,,,,,,,,,,,
"POLYGON ((4.9493762 52.3558028, 4.9493866 52.3557962, 4.9493969 52.3558022, 4.9493866 52.3558089, 4.9493762 52.3558028))",way/1090189530,,,pumping_station,,,,,,,,,,,,,,,,,,,,,,,,,,,,,,-1,,,,,,,,,,,,,,,,,,,,
"POLYGON ((4.9493569 52.355814, 4.9493672 52.3558074, 4.9493776 52.3558135, 4.9493672 52.3558201, 4.9493569 52.355814))",way/1090189531,,,pumping_station,,,,,,,,,,,,,,,,,,,,,,,,,,,,,,-1,,,,,,,,,,,,,,,,,,,,
"POLYGON ((4.9464975 52.3573265, 4.9465078 52.3573205, 4.9465174 52.3573266, 4.946507 52.3573326, 4.9464975 52.3573265))",way/1090785125,,,pumping_station,,,,,yes,,,,,,,,,,,,,,,,,,,,,,,,,-1,,,,,,,,,,,,,,,,,,,,
"POLYGON ((4.9456401 52.3577326, 4.9456372 52.3577125, 4.9456697 52.3577108, 4.9456726 52.3577309, 4.9456401 52.3577326))",way/1091187023,,,pumping_station,,Waternet,,,yes,,,,,,,,,,,,water,,,,,,,,,,,,,-1,,,,,,,,,,,,,,,,,,,,
"POLYGON ((4.9484247 52.3561363, 4.9484327 52.3561313, 4.9484412 52.3561364, 4.9484332 52.3561414, 4.9484247 52.3561363))",way/1091187059,,,pumping_station,,,,,,,,,,,,,,,,,,,,,,,,,,,,,,-1,,,,,,,,,,,,,,,,,,,,
"POLYGON ((4.9438474 52.3572162, 4.9438378 52.3572088, 4.9438498 52.3572029, 4.9438595 52.3572104, 4.9438474 52.3572162))",way/1091227699,,,pumping_station,,Waternet,,,yes,,,,,,,,,,,,,,,,,,,,,,,,,-1,,,,,,,,,,,,,,,,,,,,
"POLYGON ((4.9437976 52.3572164, 4.9438206 52.3572053, 4.94384 52.3572201, 4.943817 52.3572313, 4.9437976 52.3572164))",way/1091227700,,,pumping_station,,Waternet,,,yes,,,,,,,,,,,,,,,,,,,,,,,,,-1,,,,,,,,,,,,,,,,,,,,
"POLYGON ((4.9471374 52.3567006, 4.9471223 52.3566914, 4.9471377 52.356682, 4.9471528 52.3566913, 4.9471374 52.3567006))",way/1091848849,,,pumping_station,,,,,,,,,,,,,,,,,sewage,,,,,,,,,,,,,-1,,,,,,,,,,,,,,,,,,,,
"POLYGON ((4.9471082 52.3567159, 4.9470858 52.3567022, 4.9471089 52.3566881, 4.9471313 52.3567018, 4.9471082 52.3567159))",way/1091848850,,,pumping_station,,,,,,,,,,,,,,,,,sewage,,,,,,,,,,,,,-1,,,,,,,,,,,,,,,,,,,,
"POLYGON ((4.9505524 52.3543315, 4.9505371 52.3543226, 4.95055 52.3543143, 4.9505503 52.354314, 4.9505506 52.3543142, 4.9505657 52.354323, 4.9505524 52.3543315))",way/1092105417,,,pumping_station,,Waternet,,,,,,,,,,,,,,,sewage,,,,,,,,,,,,,,,,,,,,,,,,,,,,,,,,,
"POLYGON ((4.9506066 52.3543741, 4.9505947 52.3543673, 4.950605 52.3543607, 4.9506168 52.3543676, 4.9506066 52.3543741))",way/1092105418,,,pumping_station,,Waternet,,,,,,,,,,,,,,,sewage,,,,,,,,,,,,,,,,,,,,,,,,,,,,,,,,,
"POLYGON ((4.9603389 52.3543899, 4.9603727 52.35437, 4.9603861 52.3543784, 4.9603522 52.3543984, 4.9603389 52.3543899))",way/1093524142,,,pumping_station,,,,,yes,,,,,,,,,,,,,,,,,,,,,,,,,-1,,,,,,,,,,,,,,,,,,,,
"POLYGON ((4.9606459 52.3541966, 4.9606742 52.3541799, 4.9606933 52.354192, 4.960665 52.3542087, 4.9606459 52.3541966))",way/1093524143,,,pumping_station,,,,,yes,,,,,,,,,,,,,,,,,,,,,,,,,-1,,,,,,,,,,,,,,,,,,,,
"POLYGON ((4.9615429 52.3537882, 4.9615544 52.3537785, 4.9615804 52.35379, 4.9615689 52.3537997, 4.9615429 52.3537882))",way/1093524144,,,pumping_station,,,,,yes,,,,,,,,,,,,,,,,,,,,,,,,,-1,,,,,,,,,,,,,,,,,,,,
"POLYGON ((4.9617693 52.3538951, 4.9617833 52.3538856, 4.9618069 52.3538985, 4.9617929 52.353908, 4.9617693 52.3538951))",way/1093524145,,,pumping_station,,,,,yes,,,,,,,,,,,,,,,,,,,,,,,,,-1,,,,,,,,,,,,,,,,,,,,
"POLYGON ((4.9620006 52.3540075, 4.9620142 52.3539979, 4.9620383 52.3540106, 4.9620247 52.3540202, 4.9620006 52.3540075))",way/1093524146,,,pumping_station,,,,,yes,,,,,,,,,,,,,,,,,,,,,,,,,-1,,,,,,,,,,,,,,,,,,,,
"POLYGON ((4.9622379 52.3541207, 4.9622519 52.354111, 4.9622757 52.3541238, 4.9622617 52.3541336, 4.9622379 52.3541207))",way/1093524147,,,pumping_station,,,,,yes,,,,,,,,,,,,,,,,,,,,,,,,,-1,,,,,,,,,,,,,,,,,,,,
"POLYGON ((4.9624527 52.3542214, 4.9624673 52.3542127, 4.9624885 52.3542259, 4.9624739 52.3542347, 4.9624527 52.3542214))",way/1093524148,,,pumping_station,,,,,yes,,,,,,,,,,,,,,,,,,,,,,,,,-1,,,,,,,,,,,,,,,,,,,,
"POLYGON ((4.9626691 52.3543248, 4.9626837 52.3543154, 4.9627066 52.3543287, 4.962692 52.3543381, 4.9626691 52.3543248))",way/1093524149,,,pumping_station,,,,,yes,,,,,,,,,,,,,,,,,,,,,,,,,-1,,,,,,,,,,,,,,,,,,,,
"POLYGON ((4.9612326 52.3553677, 4.9612581 52.3553781, 4.9612467 52.3553885, 4.9612213 52.3553781, 4.9612326 52.3553677))",way/1093524150,,,pumping_station,,,,,yes,,,,,,,,,,,,,,,,,,,,,,,,,-1,,underground,,,,,,,,,,,,,,,,,,
"POLYGON ((4.960935 52.3552463, 4.9609469 52.3552368, 4.9609709 52.3552481, 4.9609591 52.3552575, 4.960935 52.3552463))",way/1093524151,,,pumping_station,,,,,yes,,,,,,,,,,,,,,,,,,,,,,,,,-1,,underground,,,,,,,,,,,,,,,,,,
"POLYGON ((4.9607247 52.3551447, 4.9607045 52.3551304, 4.9607209 52.3551218, 4.9607411 52.355136, 4.9607247 52.3551447))",way/1093524152,,,pumping_station,,,,,yes,,,,,,,,,,,,,,,,,,,,,,,,,-1,,underground,,,,,,,,,,,,,,,,,,
"POLYGON ((4.9604738 52.3549836, 4.9604527 52.3549702, 4.9604658 52.3549626, 4.9604868 52.354976, 4.9604738 52.3549836))",way/1093524153,,,pumping_station,,,,,yes,,,,,,,,,,,,,,,,,,,,,,,,,-1,,underground,,,,,,,,,,,,,,,,,,
"POLYGON ((4.9602335 52.354823, 4.9602127 52.3548098, 4.9602286 52.3548005, 4.9602494 52.3548137, 4.9602335 52.354823))",way/1093524154,,,pumping_station,,,,,yes,,,,,,,,,,,,,,,,,,,,,,,,,-1,,underground,,,,,,,,,,,,,,,,,,
"POLYGON ((4.9601566 52.3547346, 4.9601326 52.3547174, 4.9601495 52.3547086, 4.9601735 52.3547257, 4.9601566 52.3547346))",way/1093524155,,,pumping_station,,,,,yes,,,,,,,,,,,,,,,,,,,,,,,,,-1,,underground,,,,,,,,,,,,,,,,,,
"POLYGON ((4.9594322 52.3548763, 4.9594446 52.3548687, 4.959457 52.3548762, 4.9594446 52.3548838, 4.9594322 52.3548763))",way/1093603435,,,pumping_station,,Waternet,,,yes,,,,,,,,,,,,water,,,,,,,,,,,,,-1,,,,,,,,,,,,,,,,,,,,
"POLYGON ((4.959394 52.354888, 4.9594171 52.3548737, 4.9594396 52.3548873, 4.9594165 52.3549016, 4.959394 52.354888))",way/1093603436,,,pumping_station,,Waternet,,,yes,,,,,,,,,,,,water,,,,,,,,,,,,,-1,,,,,,,,,,,,,,,,,,,,
"POLYGON ((4.960032 52.3546187, 4.9600311 52.3545986, 4.9600498 52.3545983, 4.9600507 52.3546184, 4.960032 52.3546187))",way/1093620241,,,pumping_station,,Waternet,,,yes,,,,,,,,,,,,water,,,,,,,,,,,,,-1,,underground,,,,,,,,,,,,,,,,,,
"POLYGON ((4.9597761 52.3543586, 4.959787 52.3543514, 4.9598051 52.3543616, 4.9597943 52.3543688, 4.9597761 52.3543586))",way/1093642682,,,pumping_station,,Waternet,,,yes,,,,,,,,,,,,,,,,,,,,,,,,,-1,,,,,,,,,,,,,,,,,,,,
"POLYGON ((4.952411 52.3663277, 4.9524112 52.3663157, 4.9524245 52.3663157, 4.9524244 52.3663277, 4.952411 52.3663277))",way/1108116324,,,pumping_station,,Waternet,,,yes,,,,,,,,,,,,water,,,,,,,,,,,,,-1,,,,,,,,,,,,,,,,,,,,
"POLYGON ((4.9841677 52.3131203, 4.9841789 52.3131074, 4.9841939 52.3131127, 4.9842041 52.3131017, 4.9842347 52.3131124, 4.9842245 52.3131233, 4.9842406 52.313129, 4.9842288 52.3131416, 4.9841677 52.3131203))",way/1121671772,,,pumping_station,,Waternet,,,,,,,,,,,,,,,water,,,,,,,,,,,,,,,,,,,,,,,,,,,,,,,,,
"POLYGON ((4.9846776 52.3112912, 4.9846633 52.3112862, 4.984687 52.3112607, 4.9846996 52.3112471, 4.9847379 52.3112604, 4.9847016 52.3112995, 4.9846776 52.3112912))",way/1122597627,,,pumping_station,,Waternet,,,,,,,,,,,,,,,water,,,,,,,,,,,,,,,,,,,,,,,,,,,,,,,,,
"POLYGON ((4.8948832 52.4223437, 4.8949081 52.4223072, 4.8949579 52.4223199, 4.8949328 52.4223564, 4.8948832 52.4223437))",way/1123188138,,,pumping_station,,Waternet,,,,,,,,,,,,,,,sewage,,,,,,,,,,,,,-1,,,,,,,,,,,,,,,,,,,,
"POLYGON ((4.9896971 52.3108589, 4.9897148 52.3108567, 4.9897293 52.3108549, 4.9897309 52.3108598, 4.9897205 52.3108611, 4.9897163 52.3108617, 4.9897137 52.310862, 4.9896987 52.3108638, 4.9896971 52.3108589))",way/1131176886,,,pumping_station,,,,,,,,,,,,,,,,,,,,,,,,,water,,,,,,,,,,,,,,,,,,,,,,,,,
"POLYGON ((4.9300029 52.401999, 4.9300262 52.401995, 4.9300348 52.4020137, 4.9300321 52.4020141, 4.930015 52.4020171, 4.9300114 52.4020177, 4.9300029 52.401999))",way/1132048715,,,pumping_station,,,,,,,,,,,,,,,,,,,,,,,,,,,,,,-1,,,,,,,,,,,,,,,,,,,,
"POLYGON ((4.8704525 52.3993258, 4.8704579 52.3993159, 4.8704741 52.3993192, 4.8704686 52.3993291, 4.8704525 52.3993258))",way/1134067777,,,pumping_station,,,,,yes,,,,,,,,,,,,water,,,,,,,,,,,,,-1,,,,,,,,,,,,,,,,,,,,
"POLYGON ((4.8794172 52.39531, 4.8794337 52.3952973, 4.8794533 52.3953068, 4.8794368 52.3953195, 4.8794172 52.39531))",way/1134344951,,,pumping_station,,Waternet,,,yes,,,,,,,,,,,,,,,,,,,,,,,,,-1,,,,,,,,,,,,,,,,,,,,
"POLYGON ((4.8759442 52.3937899, 4.8759442 52.3937746, 4.8759702 52.3937746, 4.8759702 52.3937899, 4.8759442 52.3937899))",way/1134367409,,,pumping_station,,Waternet,,,yes,,,,,,,,,,,,,,,,,,,,,,,,,-1,,,,,,,,,,,,,,,,,,,,
"POLYGON ((4.8236992 52.3468102, 4.8236982 52.3467912, 4.8237294 52.3467906, 4.8237304 52.3468096, 4.8236992 52.3468102))",way/1159355867,,,pumping_station,,Waternet,,,,,,,,,,,,,,,,,,,,,,,,,,,,,,,,,,,,,,,,,,,,,,,,
"POLYGON ((4.9007885 52.3876269, 4.9008106 52.3875854, 4.900879 52.3875991, 4.9008568 52.3876405, 4.9007885 52.3876269))",way/1206331031,,,pumping_station,,,,,,,,,,,,,,,,,hot_water,,,,,,,,,,,,,-1,,,,,,,,,,,,,,,,,,,,
"POLYGON ((4.9005168 52.3875771, 4.9005385 52.3875374, 4.900604 52.3875507, 4.9005823 52.3875904, 4.9005168 52.3875771))",way/1206331032,,,pumping_station,,,,,,,,,,,,,,,,,hot_water,,,,,,,,,,,,,-1,,,,,,,,,,,,,,,,,,,,
"POLYGON ((4.9052163 52.384178, 4.9052369 52.3841612, 4.9052605 52.3841721, 4.9052399 52.3841888, 4.9052163 52.384178))",way/1208889165,,,pumping_station,,Waternet,,,yes,,,,,,,,,,,,water,,,,,,,,,,,,,-1,,,,,,,,,,,,,,,,,,,,
"POLYGON ((4.8930903 52.341447, 4.8930894 52.3414398, 4.8930865 52.3414286, 4.8930705 52.3413978, 4.8930502 52.3413759, 4.8930361 52.3413606, 4.8930262 52.341345, 4.8930205 52.3413272, 4.8930186 52.341309, 4.8930205 52.3412857, 4.8930295 52.3412626, 4.8930394 52.3412407, 4.8930507 52.341226, 4.89307 52.3412053, 4.8930903 52.341186, 4.893111 52.3411707, 4.8932289 52.3411687, 4.8932337 52.3411843, 4.8932478 52.3412096, 4.893262 52.3412266, 4.8932755 52.3412504, 4.8932818 52.3412753, 4.8932812 52.3412968, 4.8932752 52.341318, 4.893261 52.341354, 4.8932445 52.3413851, 4.8932238 52.3414099, 4.8932025 52.3414347, 4.8931945 52.3414442, 4.8931376 52.3414456, 4.8930903 52.341447))",way/1210534103,,basin,reservoir_covered,,Gemeente Amsterdam; Waternet,,,yes,,https://www.waterblock.nl/amsterdam-europaplein/,,,,,,,,,,,,,,,,,,,,,,,-1,,underground,,infiltration,1,400,Waternlock,,,,,,,,,,,,,
"POLYGON ((4.9066303 52.3844211, 4.9066577 52.3844019, 4.9066744 52.3844107, 4.906647 52.3844299, 4.9066303 52.3844211))",way/1212387738,,,pumping_station,,,,,yes,,,,,,,,,,,,water,,,,,,,,,,,,,-1,,,,,,,,,,,,,,,,,,,,
"POLYGON ((4.9246298 52.3907095, 4.9246312 52.3907, 4.9246449 52.3907008, 4.9246435 52.3907103, 4.9246298 52.3907095))",way/1218332832,,,pumping_station,,,,,,,,,,,,,,,,,,,,,,,,,,,,,,-1,,,,,,,,,,,,,,,,,,,,
"POLYGON ((4.9280263 52.39407, 4.9280201 52.3940599, 4.9280351 52.3940565, 4.9280413 52.3940665, 4.9280263 52.39407))",way/1219282719,,,pumping_station,,Waternet,,,yes,,,,,,,,,,,,water,,,,,,,,,,,,,-1,,,,,1,,,,,,,,,,,,,,,
"POLYGON ((4.9279725 52.3940661, 4.9279647 52.3940535, 4.9279955 52.3940464, 4.927999 52.394052, 4.9280033 52.3940589, 4.9279725 52.3940661))",way/1219282720,,,pumping_station,,Waternet,,,yes,,,,,,,,,,,,water,,,,,,,,,,,,,-1,,,,,1,,,,,,,,,,,,,,,
"POLYGON ((5.0260797 52.4068763, 5.0261011 52.4068781, 5.0260986 52.4068888, 5.0260773 52.406887, 5.0260797 52.4068763))",way/1221531425,,,pumping_station,,,,,yes,,,,,,,,,,,,,,,,,,,,,,,,,,,,,,,,,,,,,,,,,,,,,
"POLYGON ((4.9253263 52.3950999, 4.9253155 52.3950844, 4.9253049 52.3950694, 4.9253565 52.3950559, 4.9253669 52.3950709, 4.9253775 52.3950865, 4.9253263 52.3950999))",way/1222926531,,,pumping_station,,Liander,,,yes,,,,,,,,,,,,water,,,,,,,,,,,,,,,,,,,,,,,,,,,,,,,,,
"POLYGON ((4.8977055 52.3408287, 4.8978319 52.3408231, 4.8978353 52.3408533, 4.8977802 52.340856, 4.8977804 52.3408492, 4.8977744 52.3408493, 4.8977668 52.3408494, 4.8977642 52.3408507, 4.8977395 52.3408515, 4.8977391 52.3408472, 4.8977079 52.3408482, 4.8977055 52.3408287))",way/1238599984,,,pumping_station,Eindgemaal Rivierenbuurt,Waternet,,,yes,,https://www.dearchitect.nl/274789/arc22-eindgemaal-rivierenbuurt-amsterdam-bureauvaneig,,,,,,,,,"""iedereen die de problemen met water kan oplossen is twee nobelprijzen waardig – één voor de vrede en één voor de wetenschap""",sewage,,,,BureauVanEig,,ARC22,,,,,,,,,,,,,,,,,,,,,,,,,,,
"POLYGON ((4.8977055 52.3408287, 4.8978319 52.3408231, 4.8978481 52.3408224, 4.897853 52.3408653, 4.8978594 52.3409196, 4.8976953 52.3409269, 4.8976838 52.3408297, 4.8977055 52.3408287))",way/1238950483,,,pumping_station,Eindgemaal Rivierenbuurt,Waternet,,,,,https://www.dearchitect.nl/274789/arc22-eindgemaal-rivierenbuurt-amsterdam-bureauvaneig,,,,,,,,,,sewage,,,,,,ARC22,,,,,,,-1,,,,,,,,,,,,,,,,,,,,
"POLYGON ((4.8345902 52.3638951, 4.8345925 52.3638265, 4.8346732 52.3638275, 4.8346709 52.3638962, 4.8345902 52.3638951))",way/1244651900,,,pumping_station,Rioolgemaal Postjesweg,Waternet,,https://www.waternet.nl/gemaalpostjesweg,,0363100012571258,,,2022,,,,,,,,,,,,,,,,sewage,,,,,,,,,,,,,,,,,,,,,,,,,
"POLYGON ((4.9040352 52.3326032, 4.9040371 52.3325896, 4.9040603 52.3325908, 4.9040585 52.3326044, 4.9040352 52.3326032))",way/1253100539,,,pumping_station,,,,,,,,,,,,,,,,,,,,,,,,,,,,,,,,,,,,,,,,,,,,,,,,,,
"POLYGON ((4.9042666 52.3382145, 4.9042626 52.3382108, 4.9042623 52.3382065, 4.9042881 52.3381655, 4.904291 52.3381619, 4.9042966 52.3381597, 4.9043077 52.3381612, 4.904371 52.3381805, 4.9044129 52.3381933, 4.9044319 52.3381991, 4.9044371 52.338204, 4.9044372 52.3382083, 4.9044341 52.3382122, 4.9044186 52.3382368, 4.9044098 52.3382509, 4.904401 52.338255, 4.9043934 52.3382549, 4.9043869 52.3382524, 4.9042666 52.3382145))",way/1267481085,,,,,,,,,,,,,,,,,,,,,,,,,,,,,,,,,,,,,,,,,water,reservoir,,,,,,,,,,,
"POLYGON ((4.9073401 52.3388802, 4.9073803 52.3388706, 4.9073989 52.3388993, 4.9073875 52.3389021, 4.907374 52.3389054, 4.9073613 52.3389085, 4.9073591 52.338909, 4.9073401 52.3388802))",way/1268188870,,,pumping_station,,Waternet,,,,,,,,,,,,,,,water,,,,,,,,,,,,,-1,,,,,,,,,,,,,,,,,,,,
"POLYGON ((4.9131033 52.3411632, 4.9131147 52.3411574, 4.9131322 52.3411704, 4.9131209 52.3411761, 4.9131033 52.3411632))",way/1268818801,,,pumping_station,,Waternet,,,,,,,,,,,,,,,water,,,,,,,,,,,,,-1,,,,,,,,,,,,,,,,,,,,
"POLYGON ((4.8999646 52.3410206, 4.8999626 52.3410068, 4.899998 52.3410049, 4.9 52.3410187, 4.8999646 52.3410206))",way/1275820993,,,pumping_station,,Waternet,,,,,,,,,,,,,,,water,,,,,,,,,,,,,-1,,,,,,,,,,,,,,,,,,,,
"POLYGON ((4.9255335 52.3407128, 4.925569 52.3406963, 4.925605 52.3406797, 4.9256066 52.3406811, 4.9256305 52.3406989, 4.9256396 52.340706, 4.9256096 52.3407199, 4.9255673 52.3407394, 4.9255575 52.3407317, 4.925541 52.3407189, 4.9255355 52.3407145, 4.9255335 52.3407128))",way/1299598441,,,pumping_station,,Waternet,,,,,,,,,,,,,,,water,,,,,,,,,,,,,,,,,,,,,,,,,,,,,,,,,
"POLYGON ((4.9192434 52.3456492, 4.9192669 52.3456392, 4.919284 52.3456541, 4.9192605 52.3456642, 4.9192434 52.3456492))",way/1303113170,,,pumping_station,,Waternet,,,,,,,,,,,,,,,water,,,,,,,,,,,,,-1,,,,,,,,,,,,,,,,,,,,
"POLYGON ((4.9850353 52.417444, 4.9850242 52.4174444, 4.9850244 52.4174381, 4.9850355 52.4174381, 4.9850353 52.417444))",way/1316380621,,,pumping_station,,,,,,,,,,,,,,,,,water,,,,,,,,,,,,,,,,,,,,,,,,,,,,,,,,,
"POLYGON ((4.9849239 52.3932286, 4.9849532 52.3932293, 4.9849521 52.3932472, 4.9849228 52.3932465, 4.9849239 52.3932286))",way/1316481159,,,pumping_station,Gemaal Nieuwe Gouw,Hoogheemraadschap Hollands Noorderkwartier,,,,,,,,,,,,,,,water,,,,,,,,water,,,,,,,,,,,,,,,,,,,,,,,,,
"POLYGON ((4.9836082 52.4184236, 4.9836353 52.4184294, 4.983626 52.4184457, 4.9835989 52.41844, 4.9836082 52.4184236))",way/1316962857,,,pumping_station,,,,,yes,,,,,,,,,,,,water,,,,,,,,,,,,,,,,,,,,,,,,,,,,,,,,,
"POLYGON ((4.954428 52.3560952, 4.9544438 52.3560855, 4.9544632 52.3560961, 4.9544484 52.3561062, 4.954428 52.3560952))",way/1380246728,,,pumping_station,,Waternet,,,,,,,,,,,,,,,,,,,,,,,,,,,,-1,,,,,,,,,,,,,,,,,,,,
"POLYGON ((4.9428479 52.3094074, 4.9428547 52.3094002, 4.9428677 52.3094048, 4.9428608 52.309412, 4.9428479 52.3094074))",way/1387030278,,,pumping_station,,Waternet,,,,,,,,,,,,,,,water,,,,,,,,,,,,,-1,,,,,,,,,,,,,,,,,,,,
"POLYGON ((4.939708 52.3108198, 4.9397171 52.3108099, 4.9397546 52.3108228, 4.9397456 52.3108327, 4.939708 52.3108198))",way/1388006630,,,pumping_station,,Waternet,,,yes,,,,,,,,,,,,water,,,,,,,,,,,,,-1,,,,,,,,,,,,,,,,,,,,
"POLYGON ((4.9395057 52.3110051, 4.9395167 52.3109927, 4.9395389 52.3110001, 4.9395331 52.3110066, 4.9395279 52.3110124, 4.9395057 52.3110051))",way/1388259403,,,pumping_station,,Waternet,,,yes,,,,,,,,,,,,water,,,,,,,,,,,,,-1,,,,,,,,,,,,,,,,,,,,
"POLYGON ((4.950401 52.303158, 4.9504131 52.3031455, 4.9504346 52.3031533, 4.9504224 52.3031658, 4.950401 52.303158))",way/1388798689,,,pumping_station,,Waternet,,,,,,,,,,,,,,,water,,,,,,,,,,,,,,,,,,,,,,,,,,,,,,,,,
"POLYGON ((4.9540133 52.3026932, 4.9540412 52.3027026, 4.9540274 52.3027176, 4.9539997 52.3027081, 4.9540133 52.3026932))",way/1392089529,,,pumping_station,,,,,,,,,,,,,,,,,water,,,,,,,,,,,,,-1,,,,,,,,,,,,,,,,,,,,
"POLYGON ((4.9536362 52.3025797, 4.953651 52.3025636, 4.9536812 52.3025739, 4.9536665 52.3025901, 4.9536617 52.3025885, 4.9536362 52.3025797))",way/1392089530,,,pumping_station,,,,,,,,,,,,,,,,,water,,,,,,,,,,,,,-1,,,,,,,,,,,,,,,,,,,,
"POLYGON ((4.9518046 52.304036, 4.9518185 52.3040206, 4.9518481 52.3040306, 4.9518342 52.304046, 4.9518046 52.304036))",way/1393911500,,,pumping_station,,,,,,,,,,,,,,,,,water,,,,,,,,,,,,,-1,,,,,,,,,,,,,,,,,,,,
"POLYGON ((4.9521821 52.3041698, 4.952196 52.3041544, 4.9522256 52.3041645, 4.9522117 52.3041799, 4.9521821 52.3041698))",way/1393911503,,,pumping_station,,,,,,,,,,,,,,,,,water,,,,,,,,,,,,,-1,,,,,,,,,,,,,,,,,,,,
"POLYGON ((4.9525402 52.3042956, 4.9525542 52.3042802, 4.9525838 52.3042902, 4.9525698 52.3043056, 4.9525402 52.3042956))",way/1393911510,,,pumping_station,,,,,,,,,,,,,,,,,water,,,,,,,,,,,,,-1,,,,,,,,,,,,,,,,,,,,
"POLYGON ((4.9514539 52.3019658, 4.9514687 52.3019492, 4.9514973 52.3019587, 4.9514825 52.3019753, 4.9514539 52.3019658))",way/1409227777,,,pumping_station,,Waternet,,,yes,,,,,,,,,,,,water,,,,,,,,,,,,,,,,,,,,,,,,,,,,,,,,,
"POLYGON ((4.9516276 52.3053439, 4.9515995 52.3053342, 4.9516102 52.3053226, 4.9516383 52.3053323, 4.9516276 52.3053439))",way/1409695432,,,pumping_station,,Waternet,,,,,,,,,,,,,,,water,,,,,,,,,,,,,,,,,,,,,,,,,,,,,,,,,
"POLYGON ((4.9522366 52.3047243, 4.9522295 52.3047327, 4.952213 52.304727, 4.9522201 52.3047186, 4.9522366 52.3047243))",way/1409695438,,,pumping_station,,Waternet,,,,,,,,,,,,,,,water,,,,,,,,,,,,,,,,,,,,,,,,,,,,,,,,,
"POLYGON ((4.9471572 52.3021993, 4.9471725 52.3021821, 4.9471946 52.3021895, 4.9471792 52.3022067, 4.9471572 52.3021993))",way/1409749431,,,pumping_station,,Waternet,,,yes,,,,,,,,,,,,water,,,,,,,,,,,,,,,,,,,,,,,,,,,,,,,,,
"POLYGON ((4.9401898 52.3894112, 4.9401925 52.3894367, 4.9401378 52.3894389, 4.9401337 52.3894017, 4.9401667 52.3894004, 4.940168 52.3894121, 4.9401898 52.3894112))",way/1415169921,,,pumping_station,Gemaal Sint Bernarduspolder,,,,,,,,,,,,,,,,,,,,,,,,,,,,,,,,,,,,,,,,,,,,,,,,,
"POLYGON ((4.9380701 52.3888779, 4.9380631 52.3888623, 4.9380969 52.3888566, 4.9381038 52.3888722, 4.9380701 52.3888779))",way/1415170699,,,pumping_station,,,,,,,,,,,,,,,,,,,,,,,,,,,,,,,,,,,,,,,,yes,,,,,,,,,,
POINT (5.0202343 52.303071),node/1411440890,,,pumping_station,Gemaal Driemond,"Waterschap Amstel, Gooi en Vecht",,,,,,,,,,,,,,,,,,,,,,,,,,,,,,,,,,,,,,,,,,,,,,,,
POINT (4.7933124 52.3989499),node/2735459829,,,wastewater_plant,RWZI Amsterdam West,Stichting Waternet,,,,,BAG,2014-02-11,,Amsterdam,,15,1046BS,Australiëhavenweg,,,,,,,,,,,,,,,,,,,,,,,,,,,+31 20 608 2989,,,,,,,,,
POINT (4.9691978 52.3606466),node/4602449052,,,pumping_station,,Waternet,,,,,,,,,,,,,,,water,,,,,,,yes,,,,,,,,,,,,,,,,,,,,,,,,,,
POINT (4.9910089 52.3234163),node/9705220124,,,pumping_station,,Waternet,,,,,,,,,,,,,,,,,,,,,,,,,,,,,,,,,,,,,,,,,,,,,,,,
POINT (4.963434 52.386406),node/9858565487,,,pumping_station,,,,,,,,,,,,,,,,,,,,,,,,,,,,,,,,,,,,,,,,,,,,,,,,,,
POINT (4.9497832 52.3446746),node/9904418371,,,pumping_station,,Liander,,,,,,,,,,,,,,,gas,,,,,,,,,,,,,,,,,,,,,,,,,service,,,,,,,,
POINT (4.940556 52.3477282),node/9910480832,,,pumping_station,,Waternet,,,,,,,,,,,,,,,water,,,,,,,,,,,,,-1,,,,,,,,,,,,,,,,,,,,
POINT (4.952254 52.3546385),node/9926665588,,,pumping_station,,Waternet,,,,,,,,,,,,,,,water,,,,,,,,,,,,,,,,,,,,,,,,,,,,,,,,,
POINT (5.0132351 52.3726391),node/10031308026,,,water_well,,,,,,,local survey & PDOK 0.07 15-09-22,,,,,,,,,,,,,,,,,,,,,,,,,,,,,,,,,,,,no,,,,,,,
POINT (4.9984671 52.3798089),node/10047109083,,,pumping_station,,,,,,,,,,,,,,,,,water,,,,,,,,,,,,,,,,,,,,,,,,,,,,,,,,,
POINT (4.9545295 52.3580068),node/10178290919,,,pumping_station,,,,,,,,,,,,,,,,,water,,,,,,,,,,,,,,,,,,,,,,,,,,,,,,,,,
POINT (4.9665954 52.3689067),node/10290273131,,,pumping_station,,,,,,,,,,,,,,,,,,,,,,,,,,,,,,,,,,,,,,,,,,,,,,,,,,
POINT (4.8816637 52.3786551),node/10799454690,,,water_well,,,,,,,,,,,,,,,,,,,,,,,,yes,,,,,,,,,,,,,,,,,,,,manual,locked,,,,,
POINT (4.8817685 52.3786651),node/10799454691,,,water_well,,,,,,,,,,,,,,,,,,,,,,,,yes,,,,,,,,,,,,,,,,,,,,manual,locked,,,,,
POINT (5.0168068 52.3555444),node/10896145084,,,pumping_station,,Waternet,,,,,,,,,,,,,,,,,,,,,,,,,,,,,,,,,,,,,,,,,,,,,,,,
POINT (4.9009766 52.3875777),node/11178370890,,,pumping_station,,Gasunie,,,,,,,,,,,,,,,gas,,,,,,,,,,,,,,,,Q918239,,,,,,,,,,,,,substation,distribution,,,
POINT (4.9040462 52.3325975),node/11428905053,,,pumping_station,,,,,,,,,,,,,,,,,,,,,,,,,,,,,,,,,,,,,,,,,,,,,,,,,,
POINT (4.7508541 52.4111139),node/11552882929,,,pumping_station,,,,,,,,,,,,,,,,,,,,,,,,,,,,,,,,,,,,,,,,,,,,,,,,,,
POINT (4.8974538 52.3417227),node/11878991908,,,water_well,,,,,,,,,,,,,,,,,water,,,,,,,,,,,,private,,,,,,,,,,,,,,,manual,,,,lever,manual,piston
POINT (4.931333 52.3454111),node/12052808638,,,pumping_station,,Waternet,,,,,,,,,,,,,,,water,,,,,,,,,,,,,-1,,,,,,,,,,,,,,,,,,,,
POINT (4.9717129 52.3236442),node/13142744290,,,pumping_station,,Vattenfal,,,,,,,,,,,,,,,hot_water,,,,,,,,,,,,private,,,,,,,,,,,,,service,,,,,,,,
